File Number,Name,Role Date
123456,"HALPERT, Jim",1/2/2018
123457,"BEESLY, Pam",2/3/2018
123458,"SCHRUTE, Dwight",3/4/2018
123459,"FLENDERSON, Toby",8/9/2018
123460,"BERNARD, Andy",11/12/2018
123461,"MALONE, Kevin",6/7/2018
123462,"MARTIN, Angela",1/3/2018
123463,"HANNON, Erin",12/13/2018
123464,"HOWARD, Ryan",4/6/2018
123465,"BRATTON, Creed",7/8/2018
123466,"HUDSON, Stanley",2/4/2018
123468,"KAPOOR, Kelly",5/6/2018
123469,"PALMER, Meredith",3/5/2018
123470,"PHILBIN, Darryl",9/10/2018
123471,"MARTINEZ, Oscar",5/6/2018
123472,"VANCE, Phyllis",4/5/2018
